{
 "meanGrad": 18.345387390549806,
 "sharpFrac": 0.11550468262226847,
 "pixelsPerEdge": 1.5
}